	ProteinAjr	TotallipidfatAjr	CarbohydratebydifferenceAjr	EnergykcalAjr	SugarstotalgAjr	FibertotaldietaryAjr	CalciumCamAjr	IronFemAjr	MagnesiumMgmAjr	PhosphorusPmAjr	PotassiumKmAjr	Sodium0mAjr	ZincZnmAjr	CopperCumAjr	ManganeseMnmAjr	SeleniumSeAjr	Vitami0RAEAjr	VitaminEalphatocopherolmAjr	VitaminCtotalascorbicacidmAjr	ThiaminmAjr	RiboflavinmAjr	NiacinmAjr	PantothenicacidmAjr	VitaminB6mAjr	FolatetotalAjr	VitaminKphylloquinoneAjr	FattyacidstotalsaturatedAjr
Seeds.chiaseeds.dried	9.924	13.17	14.04	7.29	0	17.2	23.663	16.543	33.5	36.857	6.105	0.192	9.16	27.72	40.845	30.109	0	1.5	0.8	16.909	3.643	16.556	0	0	7.35	0	4.995
Seeds.hempseed.hulled	18.936	20.89	2.89	8.295	0.17	2	2.625	17.036	70	70.714	18	0.06	19.8	48	114	0	0.038	2.4	0.25	34.773	6.107142857	17.25	0	4.285714286	16.5	0	6.9
Seeds.pumpki0ndsquashseedkernels.dried	18.138	21.02	3.57	8.385	0.16	3	1.725	18.9	59.2	52.843	12.135	0.084	15.62	40.29	68.145	5.127	0.038	6.54	0.95	7.445	3.279	9.351	3.75	1.021428571	8.7	2.92	12.989
Seeds.sesameseeds.whole.dried	10.638	21.29	7.82	8.595	0.03	5.9	36.563	31.179	35.1	26.957	7.02	0.132	15.5	122.46	36.9	18.764	0	0.75	0	21.573	5.292857143	8.465625	0.25	5.642857143	14.55	0	10.4355
Seeds.sunflowerseedkernels.dried	12.468	22.05	6.67	8.76	0.3	4.3	2.925	11.25	32.5	28.286	9.675	0.108	10	54	29.25	28.909	0.113	105.51	0.7	40.364	7.607	15.628	5.65	9.607142857	34.05	0	6.683
FlaxSeed(milledorwhole)	13.14	19.71	0.5	7.65	0.2	14.45	9.938	15	39.2	27.514	12.195	0.36	7.6	36	37.5	1.364	0	0.9	0	8.182	21.429	5.813	4.95	3.357142857	13.05	1.72	6.3
Spices.poppyseed	10.794	17.81	9.38	7.875	0.35	9.75	53.925	20.914	34.7	37.286	10.785	0.312	15.8	48.81	100.605	7.364	0	5.31	0.5	23.291	2.142857143	1.68	1.62	1.764285714	12.3	0	6.7755
